,Text,Date and Time,Likes,Retweets,No. of Images
0,RT @kdnuggets: Top 8 #Free Must-Read #Books on #DeepLearning #KDN https://t.co/1DtlN91Yjj,Sat Apr 06 17:11:29 +0000 2019,0,1,None
1,"@nupur_baghel @PennDATS Congratulation @nupur_baghel on getting admit from @PennDATS. 
She got 5/10 acceptance. She has worked at @midasIIITD on the #kikichallenge problem. We are glad to know that it inspired her to pursue further research. We wish her a great success ahead. 
#MSc #DataScience #UPenn https://t.co/2daLOHGPBU",Sat Apr 06 16:43:27 +0000 2019,3,1,1
2,We have emailed the task details to all candidates who have applied to @midasIIITD internship through IIITD portal. Kindly check your spam folder if you have not received the email. We will evaluate all solutions received until April 10 midnight and announce results by April 14.,Fri Apr 05 16:08:37 +0000 2019,8,1,None
3,"RT @rfpvjr: Our NAACL paper on polarization in language on Twitter surrounding mass shootings is up on arXiv! https://t.co/g7wiegXxDg
This‚Ä¶",Fri Apr 05 04:05:11 +0000 2019,0,16,None
4,RT @kdnuggets: Effective Transfer Learning For NLP https://t.co/Z1m0AzlfVv https://t.co/ccX4Uhxjn8,Fri Apr 05 04:04:43 +0000 2019,0,10,1
5,RT @stanfordnlp: What‚Äôs new in @Stanford CS224N Natural Language Processing with Deep Learning for 2019? Question answering‚Äî1D CNNs‚Äîsubword‚Ä¶,Wed Apr 03 18:31:53 +0000 2019,0,57,None
6,"RT @DeepMindAI: Today we're releasing a large-scale extendable dataset of mathematical questions, for training (and evaluating the abilitie‚Ä¶",Wed Apr 03 17:04:32 +0000 2019,0,844,None
7,"RT @ylecun: Congratulations Jitendra Malik !

Awards are raining on FAIRies these days... https://t.co/1WNcSeQLZe",Wed Apr 03 09:03:40 +0000 2019,0,16,None
8,"RT @IIITDelhi: Another chance to take admission in the Ph.D. program in IIIT Delhi. 
Admissions open for Ph.D. program mathematics 

Log on‚Ä¶",Wed Apr 03 07:46:02 +0000 2019,0,4,None
9,"Dear @midasIIITD internship candidates who have submitted their solutions to the task, we have sent you an email regarding your results. 

Students who have applied through @IIITDelhi, you will soon be contacted on the internship task. 

#MIDAS #Summer #Research #Internship",Tue Apr 02 04:20:13 +0000 2019,8,1,None
10,"Looking forward to your paper submission to @IEEEBigMM19. 

Important Dates:
Regular Paper: 11:59pm PST, May 10, 2019     
Short Paper: 11:59pm PST, May 10, 2019   
Industry Paper: 11:59pm PST, May 10, 2019  
Demonstration Paper: 11:59pm PST, May 10, 2019

Contact TPC @RatnRajiv",Tue Apr 02 02:44:54 +0000 2019,5,1,None
11,RT @ngrams: Reproducibility in multimedia research in @sigmm records https://t.co/hOyMxtmy7A Plus reminder to past-year authors: Today 1 Ap‚Ä¶,Tue Apr 02 02:35:44 +0000 2019,0,7,None
12,"Online application for https://t.co/DJFDrQsHZP. Admission 2019 at @IIITDelhi has been open

Log on to know more and apply: https://t.co/w7d2UMTVh7

Last Date: 18th April 2019

#MTech #IIITD #Admission",Mon Apr 01 06:53:08 +0000 2019,6,1,None
13,RT @ACMMM19: A final reminder of the Reproducibility Track: Authors of 2017 and 2018 papers are invited to submit a short reproducibility p‚Ä¶,Sun Mar 31 10:21:24 +0000 2019,0,10,None
14,RT @isarth23: Thanks for the support and help @debanjanbhucs @RatnRajiv and @midasIIITD. It was a great learning experience! Glad to be par‚Ä¶,Fri Mar 29 19:43:24 +0000 2019,0,2,None
15,"Since SemEval-2019 will be held June 6-7, 2019 in Minneapolis, USA, collocated with NAACL-HLT 2019, it will great students for @midasIIITD students to attend the conference and learn from worldclass researchers. +@aggarwal_kartik",Fri Mar 29 17:16:40 +0000 2019,9,1,None
16,"+@aggarwal_kartik.
Congrats! Wish you many more success.",Fri Mar 29 17:04:30 +0000 2019,2,0,None
17,"RT @aggarwal_kartik: Our work (@midasIIITD ) accepted at SemEval 2019 at @NAACLHLT : ""MIDAS at SemEval-2019 Task 9: Suggestion Mining from‚Ä¶",Fri Mar 29 17:03:29 +0000 2019,0,1,None
18,"Congratulations! @midasIIITD team, @isarth23 @LaibaMehnaz @Simcyy @debanjanbhucs @RatnRajiv @the_dhumketu for getting two papers accepted at SemEval 2019. 
Many thanks to our collaborators Haimin and Karan for their help.

#NLP #Research #SocialMedia #Analytics #DeepLearning",Fri Mar 29 17:02:24 +0000 2019,9,1,None
19,"@EEMLcommunity @radamihalcea too many deadlines coming, @ACMMM19 @IEEEBigMM19 @EEMLcommunity",Fri Mar 29 05:35:22 +0000 2019,0,0,None
20,"RT @stanfordnlp: CS224N Natural Language Processing with Deep Learning 2019 @Stanford course videos by @chrmanning, @abigail_e_see &amp; guests‚Ä¶",Thu Mar 28 16:55:01 +0000 2019,0,712,None
21,RT @ylecun: Learn PyTorch by running on Google GPUs for free. https://t.co/pt038TMnWR,Thu Mar 28 16:54:37 +0000 2019,0,157,None
22,"Dr. Vineeth N Balasubramanian will present a Talk on ""Towards Explainable Deep Learning: Adding Why to What"" on 28th Mar 2019 (Thursday). Please find the details below:

Time: 4 PM
Venue: A007, R&amp;D Block

#ResearchTalk #Multimedia #Explainable #DeepLearning https://t.co/Cyz7F5f29I",Wed Mar 27 16:09:09 +0000 2019,4,1,1
23,"RT @ylecun: I am extremely honored to be the recipient of the 2018 ACM A.M. Turing Award, and absolutely delighted to be sharing it with my‚Ä¶",Wed Mar 27 11:53:40 +0000 2019,0,1544,None
24,"Thanks to all shortlisted candidates for submitting their solutions for @midasIIITD internship task 2019. We are currently evaluating all solutions and will try to get back to all candidates in a week time. 

#MIDAS #Summer #Research #Internship",Tue Mar 26 18:12:27 +0000 2019,5,1,None
25,"@IEEEBigMM19 @ACMMM19 and 6 days left for workshop proposal in @IEEEBigMM19.

Contact @cchatto for any query.",Tue Mar 26 05:54:49 +0000 2019,2,0,None
26,"RT @IEEEBigMM19: Hurry Up!
6 Days left for Abstract Submission in @ACMMM19 
45 Days left for Regular Paper Submission in @IEEEBigMM19 .

He‚Ä¶",Tue Mar 26 05:50:10 +0000 2019,0,3,None
27,"Congratulations @midasIIITD students Simra Shahid @Simcyy and Nilay Shrivastava @NilayShri on getting selected for a research internship at Adobe in this summer. 

#MIDAS #Achievment #Research #Summer #Internship https://t.co/WdF663EB5y",Mon Mar 25 13:01:57 +0000 2019,18,1,2
28,"The last date for submitting a solution for the @midasIIITD internship task is 26th March midnight. We will not accept solutions submitted after the deadline. 
Thus, if you have not submitted your solution yet then kindly do so before the deadline. 
#Summer #Research #Internship",Sun Mar 24 18:44:01 +0000 2019,8,3,None
29,RT @IIITDelhi: @IIITDelhi invites application from Foreign Nationals/PIOs/NRIs/OCIs for admission to its https://t.co/u6kIuhIrGM and https:‚Ä¶,Sun Mar 24 18:26:02 +0000 2019,0,4,None
30,"One more week is left to submit the workshop proposal to @IEEEBigMM19. 
Looking forward to your submission. For any query, contact workshop co-chair Dr. Chiranjoy Chattopadhyay @cchatto or TPC co-chair @RatnRajiv",Sun Mar 24 11:34:27 +0000 2019,4,0,None
31,RT @IEEEBigMM19: We are honored to have Dr. Chang Wen Chen (Chinese University Hong Kong @CUHKofficial ) and Dr. Roger Zimmermann (National‚Ä¶,Sun Mar 24 06:23:37 +0000 2019,0,5,None
32,"RT @IEEEBigMM19: Distinguished researchers Dr. Rajiv Ratn Shah @RatnRajiv (@IIITDelhi , @midasIIITD ), Dr. Jianquan Liu (NEC Japan) and Dr.‚Ä¶",Sun Mar 24 06:23:14 +0000 2019,0,3,None
33,"@IEEEBigMM19 is also available on Facebook now. 
LIKE its Facebook page https://t.co/B3Q0zmmzXb  to get the regular updates. 
Check more details at https://t.co/w9ZymoPisk 

#IEEE #BigMM19 #Big #Multimedia #Singapore",Wed Mar 20 08:19:24 +0000 2019,1,1,None
34,"RT @IEEEBigMM19: BigMM 2019 : IEEE BigMM 2019 ‚Äì Call for Workshop Proposals  

https://t.co/I4vqf8FE6K ‚Ä¶  
When: Sep 11, 2019 - Sep 13, 201‚Ä¶",Wed Mar 20 02:40:07 +0000 2019,0,5,None
35,"BigMM 2019 : IEEE BigMM 2019 ‚Äì Call for Workshop Proposals

https://t.co/oUq2G0UgKN

When: Sep 11, 2019 - Sep 13, 2019
Where: Singapore
Submission Deadline: Apr 1, 2019
Notification Due: Apr 10, 2019

#IEEE #BigMM #Workshop #Proposal #Singapore #Multimedia",Mon Mar 18 02:27:47 +0000 2019,6,3,None
36,"Congratulations @midasIIITD team, Rohan, Pradyumn, Ramit, @debanjanbhucs, @MADAIguy and @RatnRajiv for getting their paper titled, ""SNAP-BATNET: Cascading Author Profiling and Social Network Graphs for Suicide Ideation Detection on Social Media"", accepted at @NAACLHLT SRW.",Sun Mar 17 14:22:04 +0000 2019,15,4,None
37,"We have emailed the task details to all shortlisted candidates for @midasIIITD internship. Kindly check the same. 

If you are one of the shortlisted candidates and have not received the email then check your SPAM first before approaching. 

#MIDAS #Summer #Research #Internship",Sat Mar 16 14:06:56 +0000 2019,7,0,None
38,"IEEE BigMM 2019 - Call for Workshop Proposals. 

Contact @midasIIITD @RatnRajiv @debanjanbhucs if you have any query. 

Deadlines: 
- Proposals due: April 1, 2019
- Acceptance notification: April 10, 2019

Further information:
- Webpage: https://t.co/5XX5Wyxp5T

#IEEE #BigMM19",Sat Mar 16 09:20:29 +0000 2019,2,1,None
39,"Congratulations! Arijit, Ramit, @debanjanbhucs @RatnRajiv for your @NAACLHLT  @naacl SRW 2019 paper, ""Speak Up, Fight Back! Detection of Social Media Disclosures of Sexual Harassment"". 

Check more details at https://t.co/i6eAHg7gcN

#MeToo #Student #Research  #Paper #NAACL",Sat Mar 16 09:14:58 +0000 2019,7,2,None
40,We will be releasing a very interesting task to shortlisted candidates for the internship at @midasIIITD today. You will be having 10 days to solve the same. You will get a detailed email on the task and submission instruction today. Looking forward to your out of box solution.,Sat Mar 16 05:13:14 +0000 2019,7,2,None
41,"RT @hcdiiitd: Last day to register for #PortfolioCreationinDesign Workshop Indraprastha Institute of Information Technology, Delhi on 15th‚Ä¶",Wed Mar 13 17:09:44 +0000 2019,0,2,None
42,"@ACMMM19 @sigmm @TheOfficialACM @acmmmsys @ACMTVX @ACMICMR @euromm @Benoit_Huet @RatnRajiv @kelkalot 
We need to clearly mention abstract and final submission deadlines at https://t.co/U7DTNNyw87

Currently, we have just mentioned 1st April as the regular paper submission deadline. Kindly update. 

#ACMMM19 #Nice #Multimedia https://t.co/ocOCrlFHLH",Wed Mar 13 04:11:24 +0000 2019,1,0,1
43,RT @ACMMM19: The paper deadline is approaching. 1 April abstract is due. Authors will have until 8 April to upload the final PDF version of‚Ä¶,Wed Mar 13 04:06:04 +0000 2019,0,13,None
44,RT @kaggle: Bookmark this amazing library of image augmentations üòµ by #Kaggle Masters @AlBuslaev @creaf @viglovikov and @cvtalks | https://‚Ä¶,Tue Mar 12 17:43:44 +0000 2019,0,68,None
45,"Awesome members of our @midasIIITD team who are working on Humonics projects. Great to have you on our team. 

#team #research #AI #ML #projects https://t.co/lN7hItwPO9",Tue Mar 12 14:37:55 +0000 2019,16,4,1
46,"@saanidhi @ACMMM19 Before Friday, 15th March.",Mon Mar 11 14:58:30 +0000 2019,0,0,None
47,"We are glad to inform that Adobe is launching Women‚Äôs day Tech-Challenge to hire female engineers from 2019 Batch under our #SheCodes initiative. 
Please register here for participating in the challenge at https://t.co/DjkKCJHDBC

Check full details at https://t.co/5ArLu3icva",Mon Mar 11 12:02:42 +0000 2019,4,0,None
48,"We will email tasks to all shortlisted candidates for an internship at @midasIIITD by Friday, 15th March. If you are shortlisted and did not hear from us by that time then kindly drop an email to us. 

Looking forward to working with you.

#research #Internship #AI @ACMMM19",Mon Mar 11 11:54:38 +0000 2019,3,0,None
49,"@ACMMM19 @ACM_MM2018 @acmmm17 @sigmm @ACM Less than three weeks are left for @ACMMM19 submission. 
Looking forward to your contribution to #ACMMM and see you in Nice, France. 
@midasIIITD @iiit_hyderabad @iitdelhi @abhinavdhall @iitmadras @iiscbangalore @IITKanpur @iitbombay @iitkharagpur @IITJodhpur @iitropar @IIITDelhi",Mon Mar 11 06:22:12 +0000 2019,1,1,None
50,"RT @kdnuggets: Face Recognition using One-Shot Learning ‚Äì #DeepLearning
using DL architecture that works great with one-shot learning calle‚Ä¶",Mon Mar 11 06:17:20 +0000 2019,0,64,None
51,@AvinashSwamina2 @IIITDelhi No. They will be given tasks along with students who will be selected in the second round.,Fri Mar 08 13:22:07 +0000 2019,1,0,None
52,"We are in the process of finalizing the shortlisted candidates for internship at @midasIIITD which we have received in the second round.
We will assign tasks to all shortlisted candidates around early next week. We are also delaying the task since DTU has mid-sem until 15 March.",Fri Mar 08 13:15:34 +0000 2019,8,4,None
53,@ylecun @NilayShri @the_dhumketu @debanjanbhucs will it be useful?,Wed Mar 06 13:44:11 +0000 2019,3,0,None
54,RT @kdnuggets: Python Data Science for Beginners https://t.co/yRExdmdZGh https://t.co/vRqTRuayO3,Wed Mar 06 11:12:30 +0000 2019,0,22,1
55,RT @stanfordnlp: Useful feature of our Python stanfordnlp: get lemmas &amp; morphology in many languages. Le ski de fond touch√©‚Üílemma toucher f‚Ä¶,Sun Mar 03 19:36:04 +0000 2019,0,36,None
56,"@NilayShri @NilayShri, Certain thing! The next team outing will be for lipreading team. 
Probably, just after @ACMMM19 submission.",Sun Mar 03 17:09:48 +0000 2019,1,0,None
57,"At @midasIIITD, we not only work hard but also have fun. 
Today, we had a team (for Humonics sponsored projects) outing at Pirates of Grill. It was a wonderful day with lots of fun. 

#fun #lunch #MIDAS https://t.co/MEVA1NfHRd",Sun Mar 03 15:37:28 +0000 2019,9,1,3
58,"Considering several requests to extend the deadline for internship application, @midasIIITD at @IIITDelhi has decided that we will open the internship form https://t.co/t54AZ9eo26 again on March 7 and process all application received by March 8, 10 am.

#research #Internship #AI",Sun Mar 03 14:55:31 +0000 2019,6,2,None
59,"RT @jeremyphoward: 39 studies about human perception in 30 minutes by @kennelliott 

Awesome article. If you do any visualization or comput‚Ä¶",Sun Mar 03 14:26:40 +0000 2019,0,315,None
60,Correction:   @midasIIITD at @IIITDelhi,Sat Mar 02 17:43:05 +0000 2019,1,0,None
61,"Thanks much to all aspirants who have applied for the summer internship 2019 at @midasIIITD at @midasIIITD. We have received over 200 applications. Thus, many good applications are not selected for next round. We have sent emails to all candidates, kindly check that for results.",Sat Mar 02 09:59:03 +0000 2019,7,1,None
62,RT @kdnuggets: Keras Hyperparameter Tuning in Google Colab Using Hyperas https://t.co/hmaI4ukJRX https://t.co/s3nTqqgnAb,Thu Feb 28 14:21:21 +0000 2019,0,4,1
63,"RT @RatnRajiv: Great meeting with @midasIIITD alumnus, Sanket Jain today.
He was among first MTech students who worked with me at @IIITDelh‚Ä¶",Tue Feb 26 18:30:52 +0000 2019,0,1,None
64,"Correction: They have published the following paper only:

PROMPT: Personalized User Tag Recommendation for Social Media Photos Leveraging Personal and Social Contexts.",Tue Feb 26 03:40:22 +0000 2019,0,0,None
65,"We will process all applications received by March 1, 2019 and notify all shortlisted candidates by March 3. 

If you have not applied yet for @midasIIITD internship then you may do so by filling the form https://t.co/t54AZ9eo26

#MIDAS #IIITD #Internship #NLP #ML #AI #DL #CV",Mon Feb 25 16:10:46 +0000 2019,2,1,None
66,"RT @ecsquendor: Jit Ghosh discusses the ""GloVe"" 2014 Stanford paper on word embeddings. This one was a great session! #paperreviewcalls #nl‚Ä¶",Sun Feb 24 03:39:40 +0000 2019,0,8,None
67,RT @goodfellow_ian: This CVPR workshop is looking for applications of computer vision in developing countries. You don't need to submit a f‚Ä¶,Sat Feb 23 15:41:27 +0000 2019,0,90,None
68,"RT @IIITDelhi: PhD Admission 2019 are open now

Online applications starts from 20th February 2019 and the last date to apply is 14th March‚Ä¶",Fri Feb 22 11:54:49 +0000 2019,0,8,None
69,"RT @kdnuggets: #AI for Social Good study - how to inform policy, achieve interpretability, reduce bias and more -
include review of global‚Ä¶",Thu Feb 21 16:27:54 +0000 2019,0,14,None
70,"@IIITDelhi has initiated PhD Admission 2019 process (Regular Round).

Online applications start from 20th February 2019 and the last date to apply is 14th March 2019.

For more details please visit the following link: https://t.co/qWa9I7CFqX.

#IIITD #PhD #Admission",Thu Feb 21 06:39:27 +0000 2019,2,1,None
71,"RT @radamihalcea: We tend to focus mainly on creating learning algorithms, and yet there is so much that can be gained from unlearning. In‚Ä¶",Thu Feb 21 04:48:24 +0000 2019,0,13,None
72,"@RealAAAI @RatnRajiv Thanks, @RealAAAI for recognizing our efforts. 

Congratulations, @midasIIITD students for winning Best Student Poster award at 33rd AAAI Conference on Artificial Intelligence. 

Many thanks to authors, Raghav, @the_dhumketu Kshitij, @RatnRajiv @ponguru and Roger. 

#AAAI19 #AI https://t.co/oKy1OYCOAR",Wed Feb 20 07:09:19 +0000 2019,6,3,1
73,"Deepak Gupta, has joined @Google today. 
Earlier this week, Anupam Samanta, has also joined Google. 
Both will be working at Google office in Mount View, California, USA. Having immense pride to see their success.

They have published two papers with @midasIIITD head @RatnRajiv https://t.co/QEiIs5nTSn",Wed Feb 20 05:38:29 +0000 2019,4,2,2
74,RT @ACMMM19: We are pleased to announce the multimedia Grand Challenges that will be offered at ACM Multimedia in 2019. Check out the list;‚Ä¶,Tue Feb 19 17:16:24 +0000 2019,0,15,None
75,"In addition to projects related to NLP and Multimedia systems, we have open positions for 3D animation interns too. 
Candidate should have knowledge of Maya character animation, modeling, and good drawing skills. 

To apply, fill https://t.co/t54AZ9eo26
and mention ""3D Animation""",Tue Feb 19 04:29:33 +0000 2019,3,2,None
76,RT @technology: What could the manufacturing industry teach healthcare?,Tue Feb 19 04:19:05 +0000 2019,0,289,None
77,RT @MSFTResearch: Dr. Layla El Asri wants you to be able to talk to your machine just like you‚Äôd talk to another person. That‚Äôs the easy pa‚Ä¶,Tue Feb 19 04:18:53 +0000 2019,0,21,None
78,"To apply for @midasIIITD internship at @IIITDelhi, fill the following form: https://t.co/t54AZ9eo26  

Check more details at https://t.co/GvP3wsWtzX

Pls share @debanjanbhucs @RatnRajiv @the_dhumketu @Hitkul_ @NilayShri 

#Research #Internship #Multimedia #NLP #ML #DeepLearning",Mon Feb 18 17:29:44 +0000 2019,11,9,None
79,"RT @CornellDyson: Digital ag is Cornell‚Äôs newest radical collaboration initiative‚Üíhttps://t.co/hVXSnoSbnS
#DigitalAg #Cornell @CornellNews‚Ä¶",Mon Feb 18 05:37:59 +0000 2019,0,6,None
80,RT @odsc: Introduction to StanfordNLP: a state-of-the-art NLP library for 53 languages @StanfordNLP #DataScience #NLP #NaturalLanguageProce‚Ä¶,Sun Feb 17 17:22:06 +0000 2019,0,51,None
81,"Looking forward to your participation in Multimedia Grand Challenges of @ACMMM19 

Several interesting challenges are available at https://t.co/mGYxuvrve5

@midasIIITD lab is looking forward to helping students from Indian institutes who plan to participate. 

#ACMMM #Multimedia",Sun Feb 17 09:02:28 +0000 2019,3,1,None
82,"Consider attending National Workshop on Intelligent Multimodal Interfaces (NWIMI) at Indian Institute of Technology Jodhpur @IITJodhpur from March 9-10, 2019. 

Check more details at https://t.co/lLLzl0dUaI",Sun Feb 17 08:49:36 +0000 2019,1,0,None
83,"Submissions are invited for a special issue of Cognitive Computation (Impact Factor: 3.479) on Affect Recognition in Multimodal Language.

CFP - https://t.co/vP2Naq1C85

Submission deadline - 05/05/2019

Contact @soujanyaporia for further details.",Sun Feb 17 06:39:30 +0000 2019,1,1,None
84,RT @debanjanbhucs: https://t.co/qNFzJ7ZHki,Sat Feb 16 16:57:51 +0000 2019,0,1,None
85,"RT @MSFTResearch: Congratulations to Manik Varma, @iitdelhi's Himanshu Jain, Venkatesh Balasubramanian and Bhanu Chunduri for winning the B‚Ä¶",Fri Feb 15 08:22:23 +0000 2019,0,13,None
86,"Congratulations! Anupam Samanta on joining @Google as a software engineer. 

Anupam worked with @midasIIITD head, Dr @RatnRajiv and published two research papers. Great to hear that Anupam got ML and Data Science team in Google due to his research experience and publications. https://t.co/IcuBbjEkjc",Thu Feb 14 15:56:14 +0000 2019,14,4,1
87,RT @kdnuggets: Using BERT for state-of-the-art pre-training for natural language processing https://t.co/wAyERwPw3r https://t.co/ghPTpClh3p,Wed Feb 13 18:56:13 +0000 2019,0,5,1
88,RT @ACMMM19: Attention authors of ACM MultiMedia 2018 and 2017 main conference papers. Submit a reproducibility paper to ACMMM 2019 https:/‚Ä¶,Wed Feb 13 15:54:52 +0000 2019,0,11,None
89,"RT @kdnuggets: 9 Must-have skills you need to become a Data Scientist, updated https://t.co/OeeComtoWu https://t.co/DGq5qrQefc",Wed Feb 13 05:56:05 +0000 2019,0,11,1
90,"@ACMMM19 @ACM Just one week is left for workshop proposal. Kindly consider submitting it. 
@midasIIITD @abhinavdhall @IIITDelhi @iiit_hyderabad @iitdelhi @IITKanpur @iiscbangalore @IITKgp @debanjanbhucs @the_dhumketu @RatnRajiv @fire_forum @iitmadras @soujanyaporia @NTUsg @iitbombay #ACMMM19",Thu Feb 07 19:21:52 +0000 2019,1,1,None
91,"@NilayShri @the_dhumketu Thanks, @NilayShri for sharing. 
Indeed a very good work.",Thu Feb 07 15:49:59 +0000 2019,0,0,None
92,RT @NilayShri: @midasIIITD @the_dhumketu this seems to be the 'trend' https://t.co/m6YfyTtwfX,Thu Feb 07 15:49:08 +0000 2019,0,1,None
93,"RT @kdnuggets: Machine Learning in Python by @PyImageSearch
""Struggling to get started with machine learning using Python? In this step-by-‚Ä¶",Thu Feb 07 06:23:10 +0000 2019,0,54,None
94,RT @Cambridge_Uni: .@DeepMindAI and @Cambridge_Trust  are offering scholarships to under-represented students to study computer science. Op‚Ä¶,Wed Feb 06 11:26:25 +0000 2019,0,35,None
95,"RT @GoogleAI: Google AI  and @DeepMindAI researchers have open-sourced the Hanabi Learning Environment, a testbed for collaborative multi-a‚Ä¶",Tue Feb 05 18:32:54 +0000 2019,0,212,None
96,Edit: In the updated leaderboard we are now ranked 10th in the suggestion mining task! Thanks for updates @isarth23,Tue Feb 05 17:45:09 +0000 2019,0,0,None
97,"Congratulations! @isarth23. 
It is our pleasure to work with you. 
You are a gem of @midasIIITD. https://t.co/mOJQyhd26K",Tue Feb 05 17:44:27 +0000 2019,4,0,None
98,"In addition to OffensEval task, @midasIIITD has also performed well in the suggestion mining task (https://t.co/UiloRZiYSr) of SemEval 19. 

We secured 11th rank in this task. 

Congrats! @debanjanbhucs Raymond, Karan Uppal, @isarth23 @the_dhumketu @RatnRajiv for your hard work.",Tue Feb 05 12:09:44 +0000 2019,5,1,None
99,"Thanks, Karan Uppal and @RatnRajiv for all your support.",Tue Feb 05 11:55:41 +0000 2019,1,1,None
100,"@midasIIITD performance in OffensEval 2019 (SemEval 2019 - Task 6).

In subtask-A, we came 5th out of 103 teams
In subtask-B, we came 8th out of 75 teams
We are very close to best results. 

Congratulations! @debanjanbhucs, Raymond, @isarth23, @the_dhumketu, @LaibaMehnaz, @Simcyy https://t.co/NveQlv8wO8",Tue Feb 05 11:06:31 +0000 2019,4,3,1
101,RT @ProfAnirban: One of the biggest obstacles to the adoption of #NLP and cognitive #AI is the lack of pretrained models in languages other‚Ä¶,Mon Feb 04 12:16:16 +0000 2019,0,39,None
102,"RT @IIITDelhi: Students of @midasIIITD lab won the best student poster award at 33rd @RealAAAI 2019 conference in Honolulu, Hawaii for the‚Ä¶",Mon Feb 04 10:58:53 +0000 2019,0,4,None
103,"@RealAAAI 2019 summary for @midasIIITD.
1 paper in main conference, 1 paper in EAAI, 2 papers published in student abstract and poster sessions. 
We won the best student poster award. 
6 researchers from MIDAS lab attended the conference.
Got several interests for collaborations. https://t.co/JVo6pRMWL1",Sat Feb 02 05:05:16 +0000 2019,7,3,4
104,"@the_dhumketu @RealAAAI Congrats! Raghav, Kshitij, and @the_dhumketu for the best student poster award!
Congrats @RatnRajiv @ponguru and Prof Roger Zimmermann for their guidance. 

Have a great time in Honolulu, Hawaii, USA.",Fri Feb 01 07:46:57 +0000 2019,3,1,None
105,"Our paper titled, ""Mind Your Language: Abuse and Offence Detection for Code-Switched Languages"", won the best student poster award at 33rd @RealAAAI 2019 conference in Honolulu, Hawaii, USA. 

Congratulations authors! Raghav, Kshitij, @the_dhumketu, @ponguru, and Roger. 

#AAAI19 https://t.co/e5lFJhb6bi",Fri Feb 01 07:30:53 +0000 2019,24,3,1
106,"RT @PeterMartigny: Very interesting talk by @ChenguangZhu2 at the @stanfordnlp seminar on SDNet, a new architecture for conversational ques‚Ä¶",Fri Feb 01 03:15:27 +0000 2019,0,8,None
107,"RT @NilayShri: @midasIIITD @RatnRajiv
@the_dhumketu 
https://t.co/PkUa18lF8p",Fri Feb 01 03:13:23 +0000 2019,0,2,None
108,"CFP for @ACMMM19 has been posted on WikiCFP. Kindly share with your colleagues and submit your work to #ACMMM 2019.

https://t.co/Kgti6H4W8g

Please share, @IIITDelhi @iiit_hyderabad @precog_iiitd @iitdelhi @iitbombay @IITKgp @IITKanpur @_iitg @iiscbangalore @iitropar @lcs2iiitd",Thu Jan 31 06:57:04 +0000 2019,1,1,None
109,"@midasIIITD Lab is pleased to share our novel work titled, Harnessing GANs for Addition of New Classes in VSR (https://t.co/SdFNLNP2PR). 

We present a novel approach to low-shot learning that uses the idea of imagination over unseen classes in a classification problem setting.",Thu Jan 31 05:50:19 +0000 2019,4,2,None
110,"RT @RatnRajiv: If you are attending @RealAAAI and liked our work, Lipper, for speech reconstruction from silent videos using lipreading the‚Ä¶",Thu Jan 31 05:32:43 +0000 2019,0,2,None
111,"RT @RatnRajiv: Great to be part of this year's accepted papers at @RealAAAI from India. Out of 25 papers from India, 6 from @IIITDelhi. 
Co‚Ä¶",Wed Jan 30 19:46:11 +0000 2019,0,2,None
112,RT @MIT: Want to squelch fake news? Let the readers take charge https://t.co/Jusr6TMUse https://t.co/KDHmFDP9aE,Wed Jan 30 17:18:40 +0000 2019,0,11,1
113,"If you are attending @RealAAAI 2019 at Honolulu, Hawaii, USA then attend our talk in the Student Abstract Session for very interesting work on speech reconstruction from silent videos based on lipreading. 

It is one of the first works of this kind. 
Looking forward to seeing you https://t.co/rODmBKSONr",Wed Jan 30 05:00:29 +0000 2019,3,1,1
114,"If you are attending @RealAAAI 2019 then visit following sessions for our papers.

3. Lipper: Synthesizing Thy Speech using Multi-View Lipreading
- Time: Thursday, Main Paper Session
- Authors: @the_dhumketu, Rohit, Salik, @RatnRajiv, Yifang, and Roger

3/3",Tue Jan 29 19:42:10 +0000 2019,5,2,None
115,"If you are attending @RealAAAI 2019 then visit following sessions for our papers.

2. Lipper: Speaker Independent Speech Synthesis using Multi-View Lipreading
- Time: Wednesday, Student Abstract Session  
- Authors: Salik, @the_dhumketu, Rohit, Swati, @RatnRajiv, and Roger

2/3",Tue Jan 29 19:39:29 +0000 2019,3,1,None
116,"If you are attending @RealAAAI 2019 then visit following sessions for our papers.

1. Mind Your Language: Abuse and Offense Detection on Code-Switched Languages
- Time: Tuesday, Student Abstract Session (SAS)
- Authors: Raghav, @the_dhumketu, Kshitij, @RatnRajiv, PK, Roger  

1/3",Tue Jan 29 19:31:35 +0000 2019,2,1,None
117,"@TechAtBloomberg @debanjanbhucs It is a great experience to work with @debanjanbhucs.
@midasIIITD looks forward to many more such works with Bloomberg.",Tue Jan 29 18:05:01 +0000 2019,5,2,None
118,RT @TechAtBloomberg: Learn more about the collaborative efforts of researchers @debanjanbhucs &amp; Daniel Preo≈£iuc-Pietro w/ academics around‚Ä¶,Tue Jan 29 18:03:31 +0000 2019,0,5,None
119,RT @debanjanbhucs: We as researchers working at Bloomberg also get opportunities to collaborate with academia. Here are the outcomes of two‚Ä¶,Tue Jan 29 17:52:23 +0000 2019,0,2,None
120,"RT @kdnuggets: 7 Steps to Mastering Basic Machine Learning with Python ‚Äî 2019 Edition
 https://t.co/yZExGjOVWH https://t.co/sJC8p2kTyp",Tue Jan 29 14:52:24 +0000 2019,0,33,1
121,"@TechAtBloomberg @debanjanbhucs @IIITDelhi @RatnRajiv Congrats, team @midasIIITD! https://t.co/ncsgSUusUb",Tue Jan 29 05:17:27 +0000 2019,3,1,2
122,"RT @TechAtBloomberg: #Textanalytics researcher @debanjanbhucs joins @IIITDelhi's @RatnRajiv &amp; other co-authors to present ""Get IT Scored us‚Ä¶",Tue Jan 29 04:40:47 +0000 2019,0,5,None
123,RT @kdnuggets: Top 16 #OpenSource #DeepLearning Libraries and Platforms #KDN https://t.co/TycxmMSCWs,Mon Jan 28 12:11:29 +0000 2019,0,8,None
124,"RT @Princeton: Using data from more than 6,000 patients, @EPrinceton researchers applied #machinelearning methods to design a system that c‚Ä¶",Mon Jan 28 12:11:13 +0000 2019,0,20,None
125,RT @CornellBirds: In 1929 Cornell Lab founder Arthur Allen made the very first recordings of wild birds. Follow @MacaulayLibrary as they sh‚Ä¶,Mon Jan 28 12:10:37 +0000 2019,0,67,None
126,"RT @seb_ruder: Natural Questions: A new QA dataset consisting of 300,000+ naturally occurring questions (posed to Google search) with human‚Ä¶",Fri Jan 25 08:56:54 +0000 2019,0,141,None
127,RT @kdnuggets: 10 More #Free Must-Read #Books for #MachineLearning and #DataScience #KDN https://t.co/EtMyAJFl6d,Thu Jan 24 15:43:25 +0000 2019,0,24,None
128,RT @kdnuggets: How to build an API for a machine learning model in 5 minutes using Flask https://t.co/VFN7NmCqTu https://t.co/oZ8rXEGM5w,Thu Jan 24 15:42:59 +0000 2019,0,25,1
129,@ACMMM19 @ACM @abhinavdhall consider submitting your proposal.,Wed Jan 23 10:24:14 +0000 2019,0,0,None
130,RT @ACMMM19: Jump start your @ACM #Multimedia workshop submission... First workshop titles are now online https://t.co/S9ZSaJTH1a But also‚Ä¶,Wed Jan 23 10:23:34 +0000 2019,0,10,None
131,"@NUSComputing Congratulations! Yaman @the_dhumketu , Roger, Yifang, @RatnRajiv, Rohit, and Salik.",Tue Jan 22 14:04:40 +0000 2019,1,1,None
132,"‚ö°Ô∏è ‚ÄúAchievements‚Äù

https://t.co/LvZt1GTY4C",Tue Jan 22 14:02:51 +0000 2019,3,1,None
133,RT @NUSComputing: A/P Roger Zimmermann and his collaborators from IIIT Delhi developed a lipreading system that produces audio from lip mov‚Ä¶,Tue Jan 22 13:58:08 +0000 2019,0,2,None
134,"Welcome one member to our @midasIIITD family, SkyWalker. 
It will strengthen our team with Falcon. 

#midas #server #falcon #skywalker https://t.co/u6YOBaJ7DB",Mon Jan 21 16:29:31 +0000 2019,9,1,3
135,Dr @RatnRajiv Shah delivered a research talk in the National Symposium on Natural Languages Processing and Artificial Intelligence at the Manipal University Jaipur. He discussed different multimedia systems for society and healthcare which @midasIIITD lab is currently working on. https://t.co/cVAGyk9xAs,Mon Jan 21 15:19:33 +0000 2019,6,2,4
136,"RT @Scott__Hubbard: Don't miss this new article from @ted_dunning, who presents practical methods for near real-time monitoring of machine‚Ä¶",Mon Jan 21 09:33:03 +0000 2019,0,9,None
137,RT @kaggle: Stuck inside with stir-crazy kids? üò´ü§íüòµCheck out these downloadable machine learning projects designed for kids aged 8-16 üëâhttps‚Ä¶,Mon Jan 21 09:32:03 +0000 2019,0,37,None
138,"@Princeton @nyuniversity @nytimes Team @midasIIITD, do we have the same trend in India?",Mon Jan 21 06:54:14 +0000 2019,0,0,None
139,RT @Harvard: Researchers find connections between worry and the development of heart disease https://t.co/yQ4miy8DHI,Sun Jan 20 05:49:19 +0000 2019,0,77,None
140,"RT @Stanford: Researchers across Stanford are exploring ways to predict and prevent preterm births, and to improve care for the highest-ris‚Ä¶",Sat Jan 19 18:15:35 +0000 2019,0,8,None
141,"Meet our members of @midasIIITD .

https://t.co/2PFbtoDtDR

We welcome new members to our group. 

MIDAS is a group of researchers at IIIT-Delhi who study, analyze, and build different multimedia systems for society leveraging multimodal information. 

#multimedia #research #lab",Sat Jan 19 09:59:16 +0000 2019,7,2,None
142,RT @kdnuggets: How to Monitor Machine Learning Models in Real-Time https://t.co/9UpYVzlQWI https://t.co/9lK9eoOVWe,Sat Jan 19 03:27:33 +0000 2019,0,9,1
143,"Congratulations! @Leomi7 @ashualloy @RatnRajiv Ayush, Himanshu, Aditya, Deepanshu, @isarth23 @rgrgrajat1",Fri Jan 18 10:25:41 +0000 2019,6,0,None
144,RT @jasonbaumgartne: #Pushshift is happy to announce a new dataset for your ML / NLP / Research pleasure -- Data for over 340+ Stackexchang‚Ä¶,Fri Jan 18 10:17:02 +0000 2019,0,20,None
145,"Proceedings of FIRE 2018 is online now at https://t.co/vzLpwVp1Qb
Our 4 papers are:
1. Fully Automatic Approach to Identify Factual or Fact-checkable Tweets
2. Multilingual Author Profiling from SMS
3. NMT based Tamil Translation 
4. Named Entity Recognition for Indian Languages",Fri Jan 18 10:16:26 +0000 2019,10,2,None
146,RT @hseas: Only 20 percent of pediatric cancer patients in lower- and middle-income countries will survive. Engineering students partnered‚Ä¶,Thu Jan 17 04:04:16 +0000 2019,0,26,None
147,RT @Cornell: Can virtual reality transform medicine? Psychologist JoAnn Difede @WeillCornell began using #VR with soldiers and survivors fr‚Ä¶,Thu Jan 17 04:03:55 +0000 2019,0,11,None
148,RT @kdnuggets: Explainable Artificial Intelligence https://t.co/rllNxnm73U https://t.co/mAYFPMJF8P,Sun Jan 13 16:45:48 +0000 2019,0,20,2
149,@abhinavdhall @RatnRajiv Emailed you.,Sun Jan 13 16:40:46 +0000 2019,0,0,None
